ReceivingAreas_SASAId,rcaCode,rcaRelatedSA,rcaRelatedSARemark,ReportNetEnvelopeFileId
109,BGCSARI01,BGSARI01,Catchment of Arda river,27222
110,BGCSARI02,BGSARI02,Catchment of Vit river,27222
111,BGCSARI03,BGSARI03,Catchment of Danube river,27222
112,BGCSARI04,BGSARI04,Catchment of Iskar river,27222
113,BGCSARI05,BGSARI05,Catchment of Kamtchia river,27222
114,BGCSARI06,BGSARI06,Catchment of Maritza river,27222
115,BGCSARI07,BGSARI07,Catchment of Ogosta river,27222
116,BGCSARI08,BGSARI08,Catchment of Osam river,27222
117,BGCSARI09,BGSARI09,Catchment of Provadijska i Devnenska river,27222
118,BGCSARI10,BGSARI10,Catchment of Rusenski Lom river,27222
119,BGCSARI11,BGSARI11,Catchment of Struma river,27222
120,BGCSARI12,BGSARI12,Catchment of Tundja river,27222
121,BGCSACL13,BGSACL13,Catchment of Black Sea coastal line,27222
122,BGCSARI14,BGSARI14,Catchment of Yantra river,27222
3453,SICM-SI1118VT,SIRI-SI1118VT,Catchment of sensitive area.,27287
3454,SICM-SI111VT5,SIRI-SI111VT5,Catchment of sensitive area.,27287
3455,SICM-SI111VT7,SIRI-SI111VT7,Catchment of sensitive area.,27287
3456,SICM-SI1128VT,SILK-SI1128VT,Catchment of sensitive area.,27287
3457,SICM-SI112VT3,SILK-SI112VT3,Catchment of sensitive area.,27287
3458,SICM-SI112VT7,SIRI-SI112VT7,Catchment of sensitive area.,27287
3459,SICM-SI112VT9,SIRI-SI112VT9,Catchment of sensitive area.,27287
3460,SICM-SI114VT3,SIRI-SI114VT3,Catchment of sensitive area.,27287
3461,SICM-SI114VT9,SIRI-SI114VT9,Catchment of sensitive area.,27287
3462,SICM-SI116VT5,SIRI-SI116VT5,Catchment of sensitive area.,27287
3463,SICM-SI116VT7,SIRI-SI116VT7,Catchment of sensitive area.,27287
3464,SICM-SI121VT,SIRI-SI121VT,Catchment of sensitive area.,27287
3465,SICM-SI122VT,SIRI-SI122VT,Catchment of sensitive area.,27287
3466,SICM-SI123VT,SIRI-SI123VT,Catchment of sensitive area.,27287
3467,SICM-SI1324VT,SIRI-SI1324VT,Catchment of sensitive area.,27287
3468,SICM-SI1326VT,SIRI-SI1326VT,Catchment of sensitive area.,27287
3469,SICM-SI132VT1,SIRI-SI132VT1,Catchment of sensitive area.,27287
3470,SICM-SI132VT5,SIRI-SI132VT5,Catchment of sensitive area.,27287
3471,SICM-SI132VT7,SIRI-SI132VT7,Catchment of sensitive area.,27287
3472,SICM-SI14102VT,SIRI-SI14102VT,Catchment of sensitive area.,27287
3473,SICM-SI141VT1,SIRI-SI141VT1,Catchment of sensitive area.,27287
3474,SICM-SI141VT2,SILK-SI141VT2,Catchment of sensitive area.,27287
3475,SICM-SI143VT,SIRI-SI143VT,Catchment of sensitive area.,27287
3476,SICM-SI144VT1,SIRI-SI144VT1,Catchment of sensitive area.,27287
3477,SICM-SI144VT2,SIRI-SI144VT2,Catchment of sensitive area.,27287
3478,SICM-SI145VT,SIRI-SI145VT,Catchment of sensitive area.,27287
3479,SICM-SI146VT,SIRI-SI146VT,Catchment of sensitive area.,27287
3480,SICM-SI1476VT,SIRI-SI1476VT,Catchment of sensitive area.,27287
3481,SICM-SI148VT3,SIRI-SI148VT3,Catchment of sensitive area.,27287
3482,SICM-SI148VT5,SIRI-SI148VT5,Catchment of sensitive area.,27287
3483,SICM-SI14912VT,SIRI-SI14912VT,Catchment of sensitive area.,27287
3484,SICM-SI14VT77,SIRI-SI14VT77,Catchment of sensitive area.,27287
3485,SICM-SI14VT93,SIRI-SI14VT93,Catchment of sensitive area.,27287
3486,SICM-SI14VT97,SIRI-SI14VT97,Catchment of sensitive area.,27287
3487,SICM-SI1616VT,SIRI-SI1616VT,Catchment of sensitive area.,27287
3488,SICM-SI1624VT,SILK-SI1624VT,Catchment of sensitive area.,27287
3489,SICM-SI162VT3,SIRI-SI162VT3,Catchment of sensitive area.,27287
3490,SICM-SI162VT7,SIRI-SI162VT7,Catchment of sensitive area.,27287
3491,SICM-SI162VT9,SIRI-SI162VT9,Catchment of sensitive area.,27287
3492,SICM-SI164VT3,SIRI-SI164VT3,Catchment of sensitive area.,27287
3493,SICM-SI164VT7,SIRI-SI164VT7,Catchment of sensitive area.,27287
3494,SICM-SI1668VT,SILK-SI1668VT,Catchment of sensitive area.,27287
3495,SICM-SI1688VT1,SIRI-SI1688VT1,Catchment of sensitive area.,27287
3496,SICM-SI1688VT2,SIRI-SI1688VT2,Catchment of sensitive area.,27287
3497,SICM-SI168VT3,SILK-SI168VT3,Catchment of sensitive area.,27287
3498,SICM-SI168VT9,SIRI-SI168VT9,Catchment of sensitive area.,27287
3499,SICM-SI1696VT,SIRI-SI1696VT,Catchment of sensitive area.,27287
3500,SICM-SI16VT17,SIRI-SI16VT17,Catchment of sensitive area.,27287
3501,SICM-SI16VT70,SIRI-SI16VT70,Catchment of sensitive area.,27287
3502,SICM-SI16VT97,SIRI-SI16VT97,Catchment of sensitive area.,27287
3503,SICM-SI172VT,SIRI-SI172VT,Catchment of sensitive area.,27287
3504,SICM-SI184VT1,SIRI-SI184VT1,Catchment of sensitive area.,27287
3505,SICM-SI184VT2,SIRI-SI184VT2,Catchment of sensitive area.,27287
3506,SICM-SI186VT3,SIRI-SI186VT3,Catchment of sensitive area.,27287
3507,SICM-SI186VT5,SIRI-SI186VT5,Catchment of sensitive area.,27287
3508,SICM-SI186VT7,SIRI-SI186VT7,Catchment of sensitive area.,27287
3509,SICM-SI188VT5,SIRI-SI188VT5,Catchment of sensitive area.,27287
3510,SICM-SI188VT7,SIRI-SI188VT7,Catchment of sensitive area.,27287
3511,SICM-SI18VT31,SIRI-SI18VT31,Catchment of sensitive area.,27287
3512,SICM-SI18VT77,SIRI-SI18VT77,Catchment of sensitive area.,27287
3513,SICM-SI18VT97,SIRI-SI18VT97,Catchment of sensitive area.,27287
3514,SICM-SI1922VT,SIRI-SI1922VT,Catchment of sensitive area.,27287
3515,SICM-SI1924VT1,SIRI-SI1924VT1,Catchment of sensitive area.,27287
3516,SICM-SI1924VT2,SIRI-SI1924VT2,Catchment of sensitive area.,27287
3517,SICM-SI192VT1,SIRI-SI192VT1,Catchment of sensitive area.,27287
3518,SICM-SI192VT5,SIRI-SI192VT5,Catchment of sensitive area.,27287
3519,SICM-SI1VT137,SIRI-SI1VT137,Catchment of sensitive area.,27287
3520,SICM-SI1VT150,SIRI-SI1VT150,Catchment of sensitive area.,27287
3521,SICM-SI1VT170,SIRI-SI1VT170,Catchment of sensitive area.,27287
3522,SICM-SI1VT310,SIRI-SI1VT310,Catchment of sensitive area.,27287
3523,SICM-SI1VT519,SIRI-SI1VT519,Catchment of sensitive area.,27287
3524,SICM-SI1VT557,SIRI-SI1VT557,Catchment of sensitive area.,27287
3525,SICM-SI1VT713,SIRI-SI1VT713,Catchment of sensitive area.,27287
3526,SICM-SI1VT739,SIRI-SI1VT739,Catchment of sensitive area.,27287
3527,SICM-SI1VT913,SIRI-SI1VT913,Catchment of sensitive area.,27287
3528,SICM-SI1VT930,SIRI-SI1VT930,Catchment of sensitive area.,27287
3529,SICM-SI2112VT,SIRI-SI2112VT,Catchment of sensitive area.,27287
3530,SICM-SI21332VT,SIRI-SI21332VT,Catchment of sensitive area.,27287
3531,SICM-SI21602VT,SIRI-SI21602VT,Catchment of sensitive area.,27287
3532,SICM-SI216VT,SIRI-SI216VT,Catchment of sensitive area.,27287
3533,SICM-SI21VT13,SIRI-SI21VT13,Catchment of sensitive area.,27287
3534,SICM-SI21VT50,SIRI-SI21VT50,Catchment of sensitive area.,27287
3535,SICM-SI21VT70,SIRI-SI21VT70,Catchment of sensitive area.,27287
3536,SICM-SI322VT3,SIRI-SI322VT3,Catchment of sensitive area.,27287
3537,SICM-SI322VT7,SIRI-SI322VT7,Catchment of sensitive area.,27287
3538,SICM-SI32VT11,SIRI-SI32VT11,Catchment of sensitive area.,27287
3539,SICM-SI32VT30,SIRI-SI32VT30,Catchment of sensitive area.,27287
3540,SICM-SI332VT1,SIRI-SI332VT1,Catchment of sensitive area.,27287
3541,SICM-SI332VT3,SIRI-SI332VT3,Catchment of sensitive area.,27287
3542,SICM-SI35172VT,SIRI-SI35172VT,Catchment of sensitive area.,27287
3543,SICM-SI364VT1,SIRI-SI364VT1,Catchment of sensitive area.,27287
3544,SICM-SI364VT7,SIRI-SI364VT7,Catchment of sensitive area.,27287
3545,SICM-SI368VT5,SIRI-SI368VT5,Catchment of sensitive area.,27287
3546,SICM-SI368VT9,SIRI-SI368VT9,Catchment of sensitive area.,27287
3547,SICM-SI36VT15,SIRI-SI36VT15,Catchment of sensitive area.,27287
3548,SICM-SI36VT90,SIRI-SI36VT90,Catchment of sensitive area.,27287
3549,SICM-SI378VT,SIRI-SI378VT,Catchment of sensitive area.,27287
3550,SICM-SI38VT33,SIRI-SI38VT33,Catchment of sensitive area.,27287
3551,SICM-SI38VT34,SILK-SI38VT34,Catchment of sensitive area.,27287
3552,SICM-SI38VT90,SIRI-SI38VT90,Catchment of sensitive area.,27287
3553,SICM-SI3VT197,SIRI-SI3VT197,Catchment of sensitive area.,27287
3554,SICM-SI3VT359,SIRI-SI3VT359,Catchment of sensitive area.,27287
3555,SICM-SI3VT5171,SIRI-SI3VT5171,Catchment of sensitive area.,27287
3556,SICM-SI3VT5172,SILK-SI3VT5172,Catchment of sensitive area.,27287
3557,SICM-SI3VT930,SIRI-SI3VT930,Catchment of sensitive area.,27287
3558,SICM-SI3VT950,SILK-SI3VT950,Catchment of sensitive area.,27287
3559,SICM-SI3VT970,SIRI-SI3VT970,Catchment of sensitive area.,27287
3560,SICM-SI432VT,SIRI-SI432VT,Catchment of sensitive area.,27287
3561,SICM-SI434VT51,SIRI-SI434VT51,Catchment of sensitive area.,27287
3562,SICM-SI434VT52,SILK-SI434VT52,Catchment of sensitive area.,27287
3563,SICM-SI434VT9,SIRI-SI434VT9,Catchment of sensitive area.,27287
3564,SICM-SI43VT10,SIRI-SI43VT10,Catchment of sensitive area.,27287
3565,SICM-SI43VT30,SIRI-SI43VT30,Catchment of sensitive area.,27287
3566,SICM-SI43VT50,SIRI-SI43VT50,Catchment of sensitive area.,27287
3567,SICM-SI441VT,SIRI-SI441VT,Catchment of sensitive area.,27287
3568,SICM-SI4426VT1,SIRI-SI4426VT1,Catchment of sensitive area.,27287
3569,SICM-SI4426VT2,SIRI-SI4426VT2,Catchment of sensitive area.,27287
3570,SICM-SI442VT11,SIRI-SI442VT11,Catchment of sensitive area.,27287
3571,SICM-SI442VT12,SILK-SI442VT12,Catchment of sensitive area.,27287
3572,SICM-SI442VT91,SIRI-SI442VT91,Catchment of sensitive area.,27287
3573,SICM-SI442VT92,SIRI-SI442VT92,Catchment of sensitive area.,27287
3574,SICM-SI512VT11,SIRI-SI512VT11,Catchment of sensitive area.,27287
3575,SICM-SI512VT12,SIRI-SI512VT12,Catchment of sensitive area.,27287
3576,SICM-SI512VT3,SIRI-SI512VT3,Catchment of sensitive area.,27287
3577,SICM-SI512VT51,SIRI-SI512VT51,Catchment of sensitive area.,27287
3578,SICM-SI512VT52,SIRI-SI512VT52,Catchment of sensitive area.,27287
3579,SICM-SI518VT3,SIRI-SI518VT3,Catchment of sensitive area.,27287
3580,SICM-SI5212VT1,SILK-SI5212VT1,Catchment of sensitive area.,27287
3581,SICM-SI5212VT2,SIRI-SI5212VT2,Catchment of sensitive area.,27287
3582,SICM-SI5212VT3,SILK-SI5212VT3,Catchment of sensitive area.,27287
3583,SICM-SI5212VT4,SIRI-SI5212VT4,Catchment of sensitive area.,27287
3584,SICM-SI52VT11,SIRI-SI52VT11,Catchment of sensitive area.,27287
3585,SICM-SI52VT15,SIRI-SI52VT15,Catchment of sensitive area.,27287
3586,SICM-SI52VT19,SIRI-SI52VT19,Catchment of sensitive area.,27287
3587,SICM-SI5VT1,SICA-SI5VT1,Catchment of sensitive area.,27287
3588,SICM-SI5VT2,SICA-SI5VT2,Catchment of sensitive area.,27287
3589,SICM-SI5VT3,SICA-SI5VT3,Catchment of sensitive area.,27287
3590,SICM-SI5VT4,SICA-SI5VT4,Catchment of sensitive area.,27287
3591,SICM-SI5VT5,SICA-SI5VT5,Catchment of sensitive area.,27287
3592,SICM-SI5VT6,SICA-SI5VT6,Catchment of sensitive area.,27287
3593,SICM-SI5VTA,SIRI-SI5VTA,Catchment of sensitive area.,27287
3594,SICM-SI5VTB,SIRI-SI5VTB,Catchment of sensitive area.,27287
3595,SICM-SI62VT70,SIRI-SI62VT70,Catchment of sensitive area.,27287
3596,SICM-SI66VT102,SIRI-SI66VT102,Catchment of sensitive area.,27287
3597,SICM-SI6VT157,SIRI-SI6VT157,Catchment of sensitive area.,27287
3598,SICM-SI6VT330,SIRI-SI6VT330,Catchment of sensitive area.,27287
4786,MTCA4,MTCA4,Malta is revisitng the designation of sensitive areas,27134
4787,MTCA1,MTCA1,Malta is revisitng the designation of sensitive areas,27134
4788,MTCA2,MTCA2,Malta is revisitng the designation of sensitive areas,27134
4789,MTCA3,MTCA3,Malta is revisitng the designation of sensitive areas,27134
4790,MTCA5,MTCA5,Malta is revisitng the designation of sensitive areas,27134
4791,MTCA6,MTCA6,Malta is revisitng the designation of sensitive areas,27134
4792,MTCA7,MTCA7,Malta is revisitng the designation of sensitive areas,27134
4793,MTCA8,MTCA8,Malta is revisitng the designation of sensitive areas,27134
4796,CY SA_CM1,CY SA-LK1,,27374
4797,CY SA-LK1,CY SA_CM1,,27374
4801,ITCM05CSA000000001,ITTW05SA0000000001,,27565
4802,ITCM99CSA10000002,ITCA99Q15SA002,"Il codice ITCM99CSA10000002 indica l'insieme dei bacini drenanti che sfociano nell'Area Sensibile ""Area Costiera dell'Adriatico Settentrionale"", codice ITCA99SA10000002, relativamente alla loro parte veneta. Include i bacini (parte veneta) che fanno parte del Distretto Idrografico Alpi Orientali, compreso il bacino scolante in Laguna di Venezia (codice ITCM05CSA000000001) e compresa la parte veneta del bacino dell'Adige (Il bacino dell'Adige era indicato a parte con codice ITCM99CSA09000005 nella mappa fornita da ISPRA: in questo caso viene incluso nell'insieme dei bacini che sfociano in Adriatico Settentrionale, limitatamente alla sua parte veneta).",27565
4803,ITCM99CSAQ15001,ITTW99SA00000002,,27565
4804,ITCM05CSA000000002,ITLK05SA0000000004,,27565
4805,ITCM05CSA000000003,ITLK05SA0000000005,,27565
4806,ITCM05CSA000000004,ITLK05SA0000000007,,27565
4807,ITCM99CSAQ15001,ITLK05SA0000000008,,27565
4808,ITCM05CSA000000006,ITLK05SA0000000010,,27565
4809,ITCM99CSAQ15001,ITCM99CSAQ15001,,27565
4810,ITCM99CSAQ15001,ITCA99Q15SA001,Catchment of SA name: Catchment Distretto Padano,27565
4811,ITCM16CSA000000009,ITTW16SA0000000001,,27565
4812,ITCM16CSA000000010,ITTW16SA0000000002,,27565
4813,ITCM16CSA000000011,ITTW16SA0000000003,,27565
4814,ITCM16CSA000000012,ITTW16SA0000000004,,27565
4815,ITCM16CSA000000013,ITTW16SA0000000005,,27565
4816,ITCM16CSA000000014,ITLK16SA0000000006,,27565
4817,ITCM16CSA000000015,ITLK16SA0000000007,,27565
4818,ITCM16CSA000000016,ITCA16SA0000000008,,27565
4819,ITCM14CSA000000001,ITLK14SA0000000001,,27565
4820,ITCM14CSA000000002,ITLK16SA0000000006,,27565
4821,ITCM17CSA0000000003,ITLK17SA0000000003,invaso Camastra,27565
4822,ITCM17CSA0000000006,ITLK17SA0000000006,invaso Monte Cotugno,27565
4823,ITCM17CSA0000000007,ITLK17SA0000000007,invaso Pertusillo,27565
4824,ITCM17CSA0000000008,ITLK17SA0000000008,invaso Rendina,27565
4825,ITCM17CSA0000000009,ITLK17SA0000000009,invaso S. Giuliano,27565
4826,ITCM17CSA0000000010,ITLK17SA0000000010,laghi Monticchio,27565
4827,ITCM17CSA0000000011,ITLK17SA0000000011,lago Pantano,27565
4828,ITCA20SA0000000021,ITCM20CSA000000004,,27565
4829,ITCA20SA0000000029,ITCM20CSA000000007,,27565
4830,ITLK20SA0000000091,ITCM20CSA000000001,,27565
4831,ITLK20SA0000000067,ITCM20CSA000000002,,27565
4832,ITLK20SA0000000086,ITCM20CSA000000008,,27565
4833,ITLK20SA0000000078,ITCM20CSA000000009,,27565
4834,ITLK20SA0000000088,ITCM20CSA000000010,,27565
4835,ITLK20SA0000000082,ITCM20CSA000000011,,27565
4836,ITLK20SA0000000102,ITCM20CSA000000012,,27565
4837,ITLK20SA0000000083,ITCM20CSA000000013,,27565
4838,ITLK20SA0000000101,ITCM20CSA000000014,,27565
4839,ITLK20SA0000000103,ITCM20CSA000000015,,27565
4840,ITLK20SA0000000081,ITCM20CSA000000016,,27565
4841,ITLK20SA0000000084,ITCM20CSA000000017,,27565
4842,ITLK20SA0000000080,ITCM20CSA000000018,,27565
4843,ITLK20SA0000000077,ITCM20CSA000000103,,27565
4844,ITLK20SA0000000100,ITCM20CSA000000019,,27565
4845,ITLK20SA0000000096,ITCM20CSA000000020,,27565
4846,ITLK20SA0000000099,ITCM20CSA000000021,,27565
4847,ITLK20SA0000000075,ITCM20CSA000000022,,27565
4848,ITLK20SA0000000074,ITCM20CSA000000023,,27565
4849,ITLK20SA0000000069,ITCM20CSA000000024,,27565
4850,ITLK20SA0000000092,ITCM20CSA000000025,,27565
4851,ITLK20SA0000000071,ITCM20CSA000000026,,27565
4852,ITLK20SA0000000072,ITCM20CSA000000027,,27565
4853,ITLK20SA0000000070,ITCM20CSA000000028,,27565
4854,ITLK20SA0000000073,ITCM20CSA000000029,,27565
4855,ITLK20SA0000000062,ITCM20CSA000000030,,27565
4856,ITLK20SA0000000059,ITCM20CSA000000031,,27565
4857,ITLK20SA0000000009,ITCM20CSA000000032,,27565
4858,ITLK20SA0000000089,ITCM20CSA000000033,,27565
4859,ITLK20SA0000000061,ITCM20CSA000000034,,27565
4860,ITLK20SA0000000066,ITCM20CSA000000035,,27565
4861,ITLK20SA0000000090,ITCM20CSA000000036,,27565
4862,ITLK20SA0000000085,ITCM20CSA000000037,,27565
4863,ITLK20SA0000000064,ITCM20CSA000000038,,27565
4864,ITLK20SA0000000093,ITCM20CSA000000039,,27565
4865,ITLK20SA0000000065,ITCM20CSA000000040,,27565
4866,ITLK20SA0000000060,ITCM20CSA000000041,,27565
4867,ITLK20SA0000000068,ITCM20CSA000000042,,27565
4868,ITLK20SA0000000094,ITCM20CSA000000043,,27565
4869,ITLK20SA0000000020,ITCM20CSA000000044,,27565
4870,ITLK20SA0000000098,ITCM20CSA000000090,,27565
4871,ITLK20SA0000000097,ITCM20CSA000000091,,27565
4872,ITLK20SA0000000076,ITCM20CSA000000092,,27565
4873,ITLK20SA0000000079,ITCM20CSA000000093,,27565
4874,ITLK20SA0000000063,ITCM20CSA000000094,,27565
4875,ITLK20SA0000000095,ITCM20CSA000000095,,27565
4876,ITLK20SA0000000087,ITCM20CSA000000096,,27565
4877,ITTW20SA0000000003,ITCM20CSA000000003,,27565
4878,ITTW20SA0000000056,ITCM20CSA000000102,,27565
4879,ITTW20SA0000000032,ITCM20CSA000000046,,27565
4880,ITTW20SA0000000014,ITCM20CSA000000047,,27565
4881,ITTW20SA0000000028,ITCM20CSA000000048,,27565
4882,ITTW20SA0000000012,ITCM20CSA000000049,,27565
4883,ITTW20SA0000000010,ITCM20CSA000000050,,27565
4884,ITTW20SA0000000011,ITCM20CSA000000051,,27565
4885,ITTW20SA0000000033,ITCM20CSA000000052,,27565
4886,ITTW20SA0000000034,ITCM20CSA000000053,,27565
4887,ITTW20SA0000000015,ITCM20CSA000000055,,27565
4888,ITTW20SA0000000027,ITCM20CSA000000056,,27565
4889,ITTW20SA0000000024,ITCM20CSA000000057,,27565
4890,ITTW20SA0000000031,ITCM20CSA000000058,,27565
4891,ITTW20SA0000000035,ITCM20CSA000000059,,27565
4892,ITTW20SA0000000023,ITCM20CSA000000060,,27565
4893,ITTW20SA0000000054,ITCM20CSA000000061,,27565
4894,ITTW20SA0000000005,ITCM20CSA000000062,,27565
4895,ITTW20SA0000000039,ITCM20CSA000000063,,27565
4896,ITTW20SA0000000007,ITCM20CSA000000064,,27565
4897,ITTW20SA0000000008,ITCM20CSA000000065,,27565
4898,ITTW20SA0000000016,ITCM20CSA000000067,,27565
4899,ITTW20SA0000000017,ITCM20CSA000000069,,27565
4900,ITTW20SA0000000040,ITCM20CSA000000070,,27565
4901,ITTW20SA0000000049,ITCM20CSA000000100,,27565
4902,ITTW20SA0000000046,ITCM20CSA000000072,,27565
4903,ITTW20SA0000000002,ITCM20CSA000000073,,27565
4904,ITTW20SA0000000044,ITCM20CSA000000075,,27565
4905,ITTW20SA0000000055,ITCM20CSA000000076,,27565
4906,ITTW20SA0000000048,ITCM20CSA000000077,,27565
4907,ITTW20SA0000000041,ITCM20CSA000000078,,27565
4908,ITTW20SA0000000050,ITCM20CSA000000080,,27565
4909,ITTW20SA0000000019,ITCM20CSA000000081,,27565
4910,ITTW20SA0000000051,ITCM20CSA000000083,,27565
4911,ITTW20SA0000000043,ITCM20CSA000000099,,27565
4912,ITTW20SA0000000001,ITCM20CSA000000085,,27565
4913,ITTW20SA0000000013,ITCM20CSA000000086,,27565
4914,ITTW20SA0000000036,ITCM20CSA000000098,,27565
4915,ITTW20SA0000000004,ITCM20CSA000000068,,27565
4916,ITTW20SA0000000052,ITCM20CSA000000074,,27565
4917,ITTW20SA0000000025,ITCM20CSA000000054,,27565
4918,ITTW20SA0000000006,ITCM20CSA000000066,,27565
4919,ITTW20SA0000000058,ITCM20CSA000000082,,27565
4920,ITTW20SA0000000045,ITCM20CSA000000087,,27565
4921,ITTW20SA0000000030,ITCM20CSA000000088,,27565
4922,ITTW20SA0000000057,ITCM20CSA000000097,,27565
4923,ITTW20SA0000000037,ITCM20CSA000000005,,27565
4924,ITTW20SA0000000038,ITCM20CSA000000006,,27565
4925,ITTW20SA0000000018,ITCM20CSA000000071,,27565
4926,ITTW20SA0000000022,ITCM20CSA000000084,,27565
4927,ITTW20SA0000000053,ITCM20CSA000000101,,27565
4928,ITTW20SA0000000026,ITCM20CSA000000089,,27565
4929,ITTW20SA0000000042,ITCM20CSA000000045,,27565
4930,ITTW20SA0000000047,ITCM20CSA000000079,,27565
4931,ITCM12CSA000000014,ITLK12SA0000000014,,27565
4932,ITCM12CSA000000006,ITLK12SA0000000006,,27565
4933,ITCM12CSA000000003,ITLK12SA0000000002,,27565
4934,ITCM12CSA000000005,ITLK12SA0000000005,,27565
4935,ITCM12CSA000000008,ITLK12SA0000000008,,27565
4936,ITCM12CSA000000004,ITLK12SA0000000003,,27565
4937,ITCM12CSA000000011,ITTW12SA1000000011,,27565
4938,ITCM12CSA200000011,ITLK12SA0000000011,,27565
4939,ITCM12CSA100000009,ITLK12SA2000000009,,27565
4940,ITCM12CSA200000009,ITLK12SA1000000009,,27565
4941,ITCM12CSA000000002,ITLK12SA0000000001,,27565
4942,ITCM12CSA000000007,ITLK12SA0000000007,,27565
4943,ITCM12CSA000000010,ITTW12SA0000000010,,27565
4944,ITCM12CSA000000012,ITCA12SA0000000001,,27565
4945,ITCM12CSA000000013,ITLK12SA0000000013,,27565
4946,ITCM12CSA000000012,ITLK12SA0000000012,,27565
4947,ITCM12CSA200000001,ITLK12SA2000000004,,27565
4948,ITCM12CSA100000001,ITLK12SA1000000004,,27565
4949,ITLK10SA0000000001,ITCM10CSA000000007,,27565
4950,ITCM10CSA000000008,ITCM10CSA000000008,,27565
4951,ITLK10SA0000000004,ITCM10CSA000000010,,27565
4952,ITRI10SA0000000005,ITCM10CSA000000011,,27565
4953,ITCM10CSA000000012,ITCM10CSA000000012,,27565
4954,ITCA99Q15SA002,ITTW99SA00000002,,27565
4955,ITTW09SA0000000001,ITCM09CSA1000000005,"D.lgs 152/99. Delibera Consiglio Regionale della Toscana n. 172 del 8 ottobre 2003. 
",27565
4956,ITCM09CSA1000000007,ITTW09SA0000000002,D.lgs 152/99. Delibera Consiglio Regionale della Toscana n. 171 del 8 ottobre 2003. ,27565
4957,ITCM09CSA1000000008,ITTW09SA0000000003,D.lgs 152/99. Delibera Consiglio Regionale della Toscana n. 170 del 8 ottobre 2003.,27565
4958,ITCM09CSA1000000009,ITTW09SA0000000004,D. lgs.152/99. Delibera Consiglio Regionale della Toscana n. 171del 8 ottobre 2003,27565
4959,ITCM09CSA1000000006,ITTW09SA0000000005,D.lgs.152/99. Delibera Consiglio Regionale della Toscana n. 171del 8 ottobre 2003.,27565
4960,ITRI09SA0000000006,ITCM09CSA000000012,D.lgs 152/06. Delibera Consiglio Regionale della Toscana n. 6 del 25 gennaio 2005.,27565
4961,ITCM09CSA000000012,ITCM09CSA000000012,"
Delibera Consiglio Regionale della Toscana n. 6 del 25 gennaio 2005.
Gli impianti di trattamento compresi nel calcolo del carico di N totale e P totale sono impianti di potenzialità sia maggiore che minore ai 2000 AE (taglia minima presa in considerazione  è 20 AE)",27565
4962,ITCM13CSA1000000001,ITLK13000000000001,,27565
4963,ITCM13CSA1000000001,ITLK13000000000005,,27565
4964,ITCM13CSA1000000002,ITLK13000000000002,,27565
4965,ITCM13CSA1000000003,ITCM13CSA1000000003,,27565
4966,ITCM13CSA1000000004,ITLK13000000000004,,27565
4967,ITCM17CSA0000000103,ITLK17SA0000000104,Lago di Saetta,27565
4968,ITCM99CSA09000003,ITCA99Q15SA001,,27565
4983,IECM_26_04,IERI_SH_2010_0002,,27568
4984,IECM_26_05,IERI_SH_2010_0002,,27568
4985,IECM_SW_2004_0041,IETW_SW_2004_0041,,27568
4986,IECM_SW_1994_0009,IELK_SW_1994_0009,,27568
4987,IECM_SE_2001_015,IERI_SE_2010_0001,,27568
4988,IEGBNICM_NB_2001_0011,IEGBNIRI_NB_2001_0011,,27568
4989,IECM_SW_2001_0032,IETW_SW_2001_0032,,27568
4990,IECM_EA_1994_0001,IERI_EA_1994_0001,,27568
4991,IECM_SH_1994_0007,IELK_SH_1994_0007,,27568
4992,IECM_SW_2004_0041,IETW_SW_2004_0041,,27568
4993,IECM_SW_1994_0009,IELK_SW_1994_0009,,27568
4994,IECM_SE_2001_0015,IERI_SE_2010_0001,,27568
4995,IEGBNICM_NB_2001_0011,IEGBNIRI_NB_2001_0011,,27568
4996,IECM_SE_2001_0015,IERI_SE_2001_0015,,27568
5016,ESCM1000,ESRI1000,,27735
5017,ESCM1001,ESRI1001,,27735
5018,ESCM1002,ESRI1002,,27735
5019,ESCM1003,ESRI1003,,27735
5020,ESCM1004,ESRI1004,,27735
5021,ESCM1005,ESRI1005,,27735
5022,ESCM1006,ESRI1006,,27735
5023,ESCM1007,ESRI1007,,27735
5024,ESCM1008,ESRI1008,,27735
5025,ESCM1009,ESRI1009,,27735
5026,ESCM1010,ESRI1010,,27735
5027,ESCM1011,ESRI1011,,27735
5028,ESCM1012,ESRI1012,,27735
5029,ESCM1013,ESRI1013,,27735
5030,ESCM1014,ESRI1014,,27735
5031,ESCM1015,ESRI1015,,27735
5032,ESCM1016,ESRI1016,,27735
5033,ESCM1017,ESRI1017,,27735
5034,ESCM1018,ESRI1018,,27735
5035,ESCM1019,ESLK1019,,27735
5036,ESCM1020,ESLK1020,,27735
5037,ESCM1021,ESLK1021,,27735
5038,ESCM1022,ESLK1022,,27735
5039,ESCM1023,ESLK1023,,27735
5040,ESCM1024,ESLK1024,,27735
5041,ESCM1025,ESLK1025,,27735
5042,ESCM360,ESRI360,,27735
5043,ESCM1027,ESRI1027,,27735
5044,ESCM1028,ESRI1028,,27735
5045,ESCM1029,ESRI1029,,27735
5046,ESCM1030,ESRI1030,,27735
5047,ESCM1031,ESRI1031,,27735
5048,ESCM1032,ESRI1032,,27735
5049,ESCM361,ESRI361,,27735
5050,ESCM362,ESRI362,,27735
5051,ESCM363,ESRI363,,27735
5052,ESCM364,ESRI364,,27735
5053,ESCM365,ESRI365,,27735
5054,ESCM368,ESRI368,,27735
5055,ESCM366,ESRI366,,27735
5056,ESCM367,ESRI367,,27735
5057,ESCM369,ESRI369,,27735
5058,ESCM370,ESRI370,,27735
5059,ESCM371,ESRI371,,27735
5060,ESCM373,ESRI373,,27735
5061,ESCM374,ESRI374,,27735
5062,ESCM375,ESRI375,,27735
5063,ESCM441,ESCA441,,27735
5064,ESCM376,ESRI376,,27735
5065,ESCM377,ESRI377,,27735
5066,ESCM378,ESRI378,,27735
5067,ESCM379,ESRI379,,27735
5068,ESCM380,ESRI380,,27735
5069,ESCM381,ESRI381,,27735
5070,ESCM382,ESRI382,,27735
5071,ESCM383,ESRI383,,27735
5072,ESCM384,ESRI384,,27735
5073,ESCM385,ESRI385,,27735
5074,ESCM386,ESRI386,,27735
5075,ESCM388,ESRI388,,27735
5076,ESCM389,ESRI389,,27735
5077,ESCM390,ESRI390,,27735
5078,ESCM391,ESRI391,,27735
5079,ESCM392,ESRI392,,27735
5080,ESCM393,ESRI393,,27735
5081,ESCM394,ESRI394,,27735
5082,ESCM395,ESRI395,,27735
5083,ESCM396,ESRI396,,27735
5084,ESCM397,ESRI397,,27735
5085,ESCM398,ESRI398,,27735
5086,ESCM399,ESRI399,,27735
5087,ESCM400,ESRI400,,27735
5088,ESCM401,ESRI401,,27735
5089,ESCM403,ESRI403,,27735
5090,ESCM404,ESRI404,,27735
5091,ESCM405,ESRI405,,27735
5092,ESCM406,ESRI406,,27735
5093,ESCM407,ESRI407,,27735
5094,ESCM408,ESRI408,,27735
5095,ESCM410,ESRI410,,27735
5096,ESCM411,ESRI411,,27735
5097,ESCM412,ESRI412,,27735
5098,ESCM414,ESRI414,,27735
5099,ESCM415,ESRI415,,27735
5100,ESCM417,ESRI417,,27735
5101,ESCM418,ESRI418,,27735
5102,ESCM419,ESRI419,,27735
5103,ESCM420,ESRI420,,27735
5104,ESCM421,ESRI421,,27735
5105,ESCM422,ESRI422,,27735
5106,ESCM423,ESRI423,,27735
5107,ESCM424,ESRI424,,27735
5108,ESCM425,ESRI425,,27735
5109,ESCM428,ESRI428,,27735
5110,ESCM429,ESRI429,,27735
5111,ESCM431,ESRI431,,27735
5112,ESCM432,ESRI432,,27735
5113,ESCM433,ESRI433,,27735
5114,ESCM434,ESRI434,,27735
5115,ESCM436,ESRI436,,27735
5116,ESCM437,ESCA437,,27735
5117,ESCM438,ESCA438,,27735
5118,ESCM439,ESCA439,,27735
5119,ESCM440,ESCA440,,27735
5120,ESCM449,ESCA449,,27735
5121,ESCM442,ESRI442,,27735
5122,ESCM446,ESLK446,,27735
5123,ESCM447,ESCA447,,27735
5124,ESCM448,ESCA448,,27735
5125,ESCM450,ESCA450,,27735
5126,ESCM459,ESLK459,,27735
5127,ESCM620,ESCA620,,27735
5128,ESCM621,ESCA621,,27735
5129,ESCM466,ESRI466,,27735
5130,ESCM467,ESRI467,,27735
5131,ESCM468,ESRI468,,27735
5132,ESCM469,ESRI469,,27735
5133,ESCM470,ESRI470,,27735
5134,ESCM471,ESRI471,,27735
5135,ESCM472,ESRI472,,27735
5136,ESCM473,ESRI473,,27735
5137,ESCM474,ESRI474,,27735
5138,ESCM475,ESRI475,,27735
5139,ESCM476,ESRI476,,27735
5140,ESCM477,ESRI477,,27735
5141,ESCM478,ESRI478,,27735
5142,ESCM479,ESRI479,,27735
5143,ESCM480,ESRI480,,27735
5144,ESCM481,ESRI481,,27735
5145,ESCM482,ESLK482,,27735
5146,ESCM483,ESRI483,,27735
5147,ESCM484,ESRI484,,27735
5148,ESCM485,ESRI485,,27735
5149,ESCM486,ESRI486,,27735
5150,ESCM487,ESRI487,,27735
5151,ESCM488,ESRI488,,27735
5152,ESCM489,ESRI489,,27735
5153,ESCM490,ESRI490,,27735
5154,ESCM491,ESRI491,,27735
5155,ESCM492,ESLK492,,27735
5156,ESCM493,ESRI493,,27735
5157,ESCM494,ESRI494,,27735
5158,ESCM495,ESRI495,,27735
5159,ESCM496,ESRI496,,27735
5160,ESCM497,ESRI497,,27735
5161,ESCM498,ESRI498,,27735
5162,ESCM499,ESRI499,,27735
5163,ESCM500,ESRI500,,27735
5164,ESCM501,ESRI501,,27735
5165,ESCM502,ESRI502,,27735
5166,ESCM503,ESRI503,,27735
5167,ESCM504,ESRI504,,27735
5168,ESCM505,ESRI505,,27735
5169,ESCM506,ESRI506,,27735
5170,ESCM507,ESRI507,,27735
5171,ESCM508,ESRI508,,27735
5172,ESCM509,ESRI509,,27735
5173,ESCM510,ESRI510,,27735
5174,ESCM511,ESRI511,,27735
5175,ESCM512,ESRI512,,27735
5176,ESCM513,ESRI513,,27735
5177,ESCM514,ESRI514,,27735
5178,ESCM515,ESRI515,,27735
5179,ESCM516,ESRI516,,27735
5180,ESCM517,ESRI517,,27735
5181,ESCM518,ESRI518,,27735
5182,ESCM519,ESRI519,,27735
5183,ESCM520,ESRI520,,27735
5184,ESCM521,ESRI521,,27735
5185,ESCM522,ESRI522,,27735
5186,ESCM523,ESRI523,,27735
5187,ESCM524,ESRI524,,27735
5188,ESCM525,ESRI525,,27735
5189,ESCM526,ESRI526,,27735
5190,ESCM527,ESRI527,,27735
5191,ESCM528,ESRI528,,27735
5192,ESCM529,ESRI529,,27735
5193,ESCM530,ESRI530,,27735
5194,ESCM531,ESRI531,,27735
5195,ESCM532,ESRI532,,27735
5196,ESCM533,ESRI533,,27735
5197,ESCM534,ESRI534,,27735
5198,ESCM535,ESRI535,,27735
5199,ESCM536,ESRI536,,27735
5200,ESCM537,ESRI537,,27735
5201,ESCM538,ESRI538,,27735
5202,ESCM539,ESRI539,,27735
5203,ESCM540,ESRI540,,27735
5204,ESCM541,ESRI541,,27735
5205,ESCM542,ESRI542,,27735
5206,ESCM543,ESRI543,,27735
5207,ESCM544,ESRI544,,27735
5208,ESCM545,ESRI545,,27735
5209,ESCM546,ESRI546,,27735
5210,ESCM547,ESRI547,,27735
5211,ESCM548,ESRI548,,27735
5212,ESCM549,ESRI549,,27735
5213,ESCM550,ESRI550,,27735
5214,ESCM551,ESRI551,,27735
5215,ESCM552,ESRI552,,27735
5216,ESCM553,ESRI553,,27735
5217,ESCM554,ESRI554,,27735
5218,ESCM555,ESRI555,,27735
5219,ESCM556,ESRI556,,27735
5220,ESCM557,ESRI557,,27735
5221,ESCM558,ESRI558,,27735
5222,ESCM559,ESRI559,,27735
5223,ESCM560,ESRI560,,27735
5224,ESCM561,ESRI561,,27735
5225,ESCM562,ESRI562,,27735
5226,ESCM563,ESRI563,,27735
5227,ESCM564,ESRI564,,27735
5228,ESCM565,ESRI565,,27735
5229,ESCM566,ESRI566,,27735
5230,ESCM567,ESRI567,,27735
5231,ESCM568,ESRI568,,27735
5232,ESCM569,ESRI569,,27735
5233,ESCM570,ESRI570,,27735
5234,ESCM571,ESRI571,,27735
5235,ESCM572,ESRI572,,27735
5236,ESCM573,ESRI573,,27735
5237,ESCM574,ESRI574,,27735
5238,ESCM575,ESRI575,,27735
5239,ESCM576,ESRI576,,27735
5240,ESCM577,ESRI577,,27735
5241,ESCM578,ESRI578,,27735
5242,ESCM579,ESLK579,,27735
5243,ESCM580,ESRI580,,27735
5244,ESCM581,ESRI581,,27735
5245,ESCM582,ESRI582,,27735
5246,ESCM583,ESLK583,,27735
5247,ESCM584,ESRI584,,27735
5248,ESCM585,ESRI585,,27735
5249,ESCM586,ESRI586,,27735
5250,ESCM587,ESRI587,,27735
5251,ESCM588,ESRI588,,27735
5252,ESCM589,ESRI589,,27735
5253,ESCM590,ESRI590,,27735
5254,ESCM591,ESRI591,,27735
5255,ESCM592,ESRI592,,27735
5256,ESCM593,ESRI593,,27735
5257,ESCM594,ESRI594,,27735
5258,ESCM595,ESRI595,,27735
5259,ESCM596,ESRI596,,27735
5260,ESCM597,ESRI597,,27735
5261,ESCM598,ESRI598,,27735
5262,ESCM599,ESRI599,,27735
5263,ESCM600,ESRI600,,27735
5264,ESCM601,ESRI601,,27735
5265,ESCM602,ESRI602,,27735
5266,ESCM603,ESRI603,,27735
5267,ESCM604,ESRI604,,27735
5268,ESCM605,ESRI605,,27735
5269,ESCM606,ESRI606,,27735
5270,ESCM607,ESRI607,,27735
5271,ESCM608,ESRI608,,27735
5272,ESCM609,ESRI609,,27735
5273,ESCM610,ESRI610,,27735
5274,ESCM611,ESRI611,,27735
5275,ESCM612,ESRI612,,27735
5276,ESCM613,ESRI613,,27735
5277,ESCM614,ESRI614,,27735
5278,ESCM615,ESRI615,,27735
5279,ESCM616,ESRI616,,27735
5280,ESCM617,ESRI617,,27735
5281,ESCM618,ESRI618,,27735
5282,ESCM619,ESRI619,,27735
5283,ESCM622,ESCA622,,27735
5284,ESCM623,ESCA623,,27735
5285,ESCM624,ESCA624,,27735
5286,ESCM625,ESCA625,,27735
5287,ESCM626,ESCA626,,27735
5288,ESCM636,ESCA636,,27735
5289,ESCM646,ESCA646,,27735
5290,ESCM627,ESCA627,,27735
5291,ESCM647,ESCA647,,27735
5292,ESCM648,ESCA648,,27735
5293,ESCM649,ESCA649,,27735
5294,ESCM650,ESLK650,,27735
5295,ESCM651,ESLK651,,27735
5296,ESCM652,ESLK652,,27735
5297,ESCM653,ESLK653,,27735
5298,ESCM654,ESLK654,,27735
5299,ESCM656,ESLK656,,27735
5300,ESCM637,ESCA637,,27735
5301,ESCM638,ESCA638,,27735
5302,ESCM639,ESCA639,,27735
5303,ESCM640,ESCA640,,27735
5304,ESCM641,ESCA641,,27735
5305,ESCM642,ESCA642,,27735
5306,ESCM657,ESLK657,,27735
5307,ESCM658,ESLK658,,27735
5308,ESCM659,ESCA659,,27735
5309,ESCM674,ESCA674,,27735
5310,ESCM675,ESCA675,,27735
5311,ESCM676,ESCA676,,27735
5312,ESCM677,ESCA677,,27735
5313,ESCM678,ESCA678,,27735
5314,ESCM679,ESCA679,,27735
5315,ESCM680,ESCA680,,27735
5316,ESCM655,ESLK655,,27735
5317,ESCM681,ESCA681,,27735
5318,ESCM682,ESCA682,,27735
5319,ESCM683,ESCA683,,27735
5320,ESCM684,ESCA684,,27735
5321,ESCM660,ESLK660,,27735
5322,ESCM661,ESCA661,,27735
5323,ESCM662,ESCA662,,27735
5324,ESCM663,ESCA663,,27735
5325,ESCM664,ESCA664,,27735
5326,ESCM685,ESCA685,,27735
5327,ESCM686,ESCA686,,27735
5328,ESCM667,ESLK667,,27735
5329,ESCM668,ESRI668,,27735
5330,ESCM687,ESCA687,,27735
5331,ESCM688,ESCA688,,27735
5332,ESCM671,ESCA671,,27735
5333,ESCM672,ESCA672,,27735
5334,ESCM689,ESCA689,,27735
5335,ESCM690,ESCA690,,27735
5336,ESCM691,ESCA691,,27735
5337,ESCM693,ESCA693,,27735
5338,ESCM697,ESCA697,,27735
5339,ESCM698,ESCA698,,27735
5340,ESCM699,ESCA699,,27735
5341,ESCM700,ESCA700,,27735
5342,ESCM701,ESCA701,,27735
5343,ESCM702,ESCA702,,27735
5344,ESCM703,ESCA703,,27735
5345,ESCM704,ESCA704,,27735
5346,ESCM705,ESCA705,,27735
5347,ESCM706,ESCA706,,27735
5348,ESCM707,ESCA707,,27735
5349,ESCM708,ESCA708,,27735
5350,ESCM709,ESCA709,,27735
5351,ESCM710,ESCA710,,27735
5352,ESCM711,ESCA711,,27735
5353,ESCM692,ESCA692,,27735
5354,ESCM712,ESCA712,,27735
5355,ESCM694,ESCA694,,27735
5356,ESCM695,ESCA695,,27735
5357,ESCM696,ESCA696,,27735
5358,ESCM713,ESCA713,,27735
5359,ESCM714,ESCA714,,27735
5360,ESCM715,ESCA715,,27735
5361,ESCM716,ESCA716,,27735
5362,ESCM717,ESCA717,,27735
5363,ESCM718,ESCA718,,27735
5364,ESCM719,ESCA719,,27735
5365,ESCM720,ESCA720,,27735
5366,ESCM721,ESCA721,,27735
5367,ESCM722,ESCA722,,27735
5368,ESCM723,ESCA723,,27735
5369,ESCM724,ESCA724,,27735
5370,ESCM725,ESCA725,,27735
5371,ESCM726,ESCA726,,27735
5372,ESCM727,ESCA727,,27735
5373,ESCM728,ESCA728,,27735
5374,ESCM729,ESCA729,,27735
5375,ESCM730,ESCA730,,27735
5376,ESCM731,ESCA731,,27735
5377,ESCM732,ESCA732,,27735
5378,ESCM733,ESCA733,,27735
5379,ESCM734,ESCA734,,27735
5380,ESCM735,ESCA735,,27735
5381,ESCM736,ESCA736,,27735
5382,ESCM737,ESCA737,,27735
5383,ESCM738,ESCA738,,27735
5384,ESCM739,ESCA739,,27735
5385,ESCM740,ESCA740,,27735
5386,ESCM742,ESCA742,,27735
5387,ESCM744,ESCA744,,27735
5388,ESCM745,ESCA745,,27735
5389,ESCM746,ESCA746,,27735
5390,ESCM747,ESCA747,,27735
5391,ESCM749,ESCA749,,27735
5392,ESCM1026,ESRI1026,,27735
5393,ESCM372,ESRI372,,27735
5394,ESCM628,ESCA628,,27735
5395,ESCM629,ESCA629,,27735
5396,ESCM630,ESCA630,,27735
5397,ESCM631,ESCA631,,27735
5398,ESCM632,ESCA632,,27735
5399,ESCM633,ESCA633,,27735
5400,ESCM634,ESCA634,,27735
5401,ESCM635,ESCA635,,27735
5402,ESCM643,ESCA643,,27735
5403,ESCM644,ESCA644,,27735
5404,ESCM645,ESCA645,,27735
5405,ESCM669,ESCA669,,27735
5406,ESCM670,ESCA670,,27735
5407,ESCM673,ESCA673,,27735
5408,ESCM761,ESCA761,,27735
5409,ESCM750,ESCA750,,27735
5410,ESCM751,ESCA751,,27735
5411,ESCM752,ESCA752,,27735
5412,ESCM753,ESCA753,,27735
5413,ESCM754,ESCA754,,27735
5414,ESCM755,ESCA755,,27735
5415,ESCM756,ESCA756,,27735
5416,ESCM757,ESCA757,,27735
5417,ESCM759,ESCA759,,27735
5418,ESCM760,ESCA760,,27735
5419,ESCM820,ESCA820,,27735
5420,ESCM743,ESCA743,,27735
5421,ESCM995,ESCA995,,27735
5422,ESCM748,ESCA748,,27735
5423,ESCM996,ESCA996,,27735
5424,ESCM758,ESCA758,,27735
5425,ESCM762,ESLK762,,27735
5426,ESCM763,ESLK763,,27735
5427,ESCM821,ESRI821,,27735
5428,ESCM830,ESLK830,,27735
5429,ESCM837,ESLK837,,27735
5430,ESCM840,ESLK840,,27735
5431,ESCM841,ESLK841,,27735
5432,ESCM842,ESLK842,,27735
5433,ESCM843,ESLK843,,27735
5434,ESCM844,ESLK844,,27735
5435,ESCM845,ESLK845,,27735
5436,ESCM846,ESLK846,,27735
5437,ESCM985,ESCA985,,27735
5438,ESCM986,ESCA986,,27735
5439,ESCM988,ESRI988,,27735
5440,ESCM991,ESCA991,,27735
5441,ESCM999,ESRI999,,27735
5442,ESCM1033,ESCA1033,,27735
5443,ESCM1201,ESLK1201,,27735
5444,ESCM1202,ESLK1202,,27735
5445,ESCM1203,ESLK1203,,27735
5446,ESCM1204,ESLK1204,,27735
5447,ESCM1205,ESLK1205,,27735
5448,ESCM1206,ESLK1206,,27735
5449,ESCM1207,ESLK1207,,27735
5450,ESCM1208,ESLK1208,,27735
5451,ESCM1209,ESLK1209,,27735
5452,ESCM1212,ESRI1212,,27735
5453,ESCM1213,ESRI1213,,27735
5454,ESCM1214,ESRI1214,,27735
5455,ESCM1215,ESRI1215,,27735
5456,ESCM1216,ESRI1216,,27735
5457,ESCM1217,ESRI1217,,27735
5458,ESCM1218,ESRI1218,,27735
5459,ESCM1219,ESRI1219,,27735
5460,ESCM1220,ESRI1220,,27735
5461,ESCM1221,ESRI1221,,27735
5462,ESCM1222,ESRI1222,,27735
5463,ESCM1223,ESRI1223,,27735
5464,ESCM1224,ESRI1224,,27735
5465,ESCM1187,ESCA1187,,27735
5466,ESCM1188,ESCA1188,,27735
5467,ESCM1189,ESCA1189,,27735
5468,ESCM1190,ESCA1190,,27735
5523,UKENMI_CM145,UKENRI145,,27741
5524,UKENMI_CM153,UKENRI153,,27741
5525,UKENMI_CM152,UKENRI152,,27741
5526,UKENMI_CM87,UKENRI87,,27741
5527,UKENSO_CM147,UKENRI147,,27741
5528,UKENSO_CM146,UKENRI146,,27741
5529,UKENTH_CM157,UKENRI157,,27741
5530,UKENTH_CM58,UKENRI58,,27741
5531,UKENAN_CM16,UKENRI16,,27741
5532,UKENSW_CM148,UKENRI148,,27741
5533,UKENNW_CM156,UKENRI156,,27741
5534,UKENNW_CM155,UKENRI155,,27741
5535,UKENNW_CM154,UKENRI154,,27741
5536,UKENNW_CM151,UKENRI151,,27741
5537,UKENSO_CMLK120,UKENLK120,,27741
5538,UKENAN_CM23,UKENRI23,,27741
5539,UKENAN_CM29,UKENRI29,,27741
5540,UKENAN_CM31,UKENRI31,,27741
5541,UKENAN_CM60,UKENLK60,,27741
5542,UKENAN_CM61,UKENRI61,,27741
5543,UKENAN_CM62,UKENRI62,,27741
5544,UKENAN_CM63,UKENRI63,,27741
5545,UKENAN_CM65,UKENRI65,,27741
5546,UKENAN_CM66,UKENRI66,,27741
5547,UKENAN_CM67,UKENRI67,,27741
5548,UKENAN_CM68,UKENRI68,,27741
5549,UKENAN_CM69,UKENRI69,,27741
5550,UKENAN_CM70,UKENRI70,,27741
5551,UKENAN_CM71,UKENRI71,,27741
5552,UKENAN_CM72,UKENRI72,,27741
5553,UKENAN_CM73,UKENRI73,,27741
5554,UKENAN_CM74a,UKENRI74a,,27741
5555,UKENAN_CM74b,UKENRI74b,,27741
5556,UKENAN_CM75,UKENRI75,,27741
5557,UKENAN_CM85,UKENRI85,,27741
5558,UKENAN_CM88,UKENRI88,,27741
5559,UKENAN_CM89,UKENRI89,,27741
5560,UKENAN_CM90,UKENRI90,,27741
5561,UKENAN_CM91,UKENRI91,,27741
5562,UKENMI_CM10,UKENRI10,,27741
5563,UKENMI_CM100,UKENRI100,,27741
5564,UKENMI_CM101,UKENRI101,,27741
5565,UKENMI_CM102,UKENRI102,,27741
5566,UKENMI_CM103,UKENRI103,,27741
5567,UKENMI_CM104,UKENRI104,,27741
5568,UKENMI_CM105,UKENRI105,,27741
5569,UKENMI_CM106,UKENRI106,,27741
5570,UKENMI_CM130,UKENRI130,,27741
5571,UKENMI_CM8,UKENRI8,,27741
5572,UKENMI_CM9,UKENRI9,,27741
5573,UKENNE_CM76,UKENRI76,,27741
5574,UKENNE_CM79,UKENRI79,,27741
5575,UKENNE_CM80,UKENRI80,,27741
5576,UKENNE_CM96,UKENRI96,,27741
5577,UKENNE_CM97,UKENRI97,,27741
5578,UKENNE_CM98,UKENCA98,,27741
5579,UKENNE_CM99,UKENRI99,,27741
5580,UKENNW_CM1,UKENLK1,,27741
5581,UKENNW_CM142,UKENRI142,,27741
5582,UKENNW_CM143,UKENRI143,,27741
5583,UKENNW_CM2,UKENRI2,,27741
5584,UKENNW_CM3,UKENLK3,,27741
5585,UKENNW_CM35,UKENRI35,,27741
5586,UKENNW_CM4,UKENRI4,,27741
5587,UKENNW_CM6,UKENRI6,,27741
5588,UKENNW_CM94,UKENRI94,,27741
5589,UKENNW_CM95,UKENRI95,,27741
5590,UKENMI_CM131,UKENRI131,,27741
5591,UKENMI_CM132,UKENRI132,,27741
5592,UKENMI_CM133,UKENRI133,,27741
5593,UKENMI_CM135,UKENRI135,,27741
5594,UKENMI_CM137,UKENRI137,,27741
5595,UKENMI_CM138,UKENRI138,,27741
5596,UKENMI_CM139,UKENRI139,,27741
5597,UKENMI_CM37,UKENRI37,,27741
5598,UKENMI_CM38,UKENRI38,,27741
5599,UKENMI_CM41,UKENRI41,,27741
5600,UKENMI_CM42,UKENRI42,,27741
5601,UKENMI_CM43,UKENRI43,,27741
5602,UKENSO_CM123,UKENCA123,,27741
5603,UKENSO_CM56,UKENCA56,,27741
5604,UKENSO_CM109,UKENRI109,,27741
5605,UKENSO_CM110,UKENRI110,,27741
5606,UKENSO_CM112,UKENCA112,,27741
5607,UKENSO_CM126,UKENRI126,,27741
5608,UKENSO_CM128,UKENRI128,,27741
5609,UKENSO_CM13,UKENRI13,,27741
5610,UKENSO_CM14,UKENRI14,,27741
5611,UKENSW_CM51,UKENCA51,,27741
5612,UKENSW_CM115,UKENRI115,,27741
5613,UKENSW_CM116,UKENRI116,,27741
5614,UKENSW_CM117,UKENCA117,,27741
5615,UKENSW_CM12,UKENRI12,,27741
5616,UKENSW_CM140,UKENRI140,,27741
5617,UKENSW_CM141,UKENRI141,,27741
5618,UKENSW_CM52,UKENCA52,,27741
5619,UKENSW_CM77,UKENRI77,,27741
5620,UKENSW_CM78,UKENRI78,,27741
5621,UKENTH_CM15,UKENRI15,,27741
5622,UKENTH_CM17,UKENRI17,,27741
5623,UKENTH_CM57,UKENRI57,,27741
5624,UKENTH_CM59,UKENRI59,,27741
5625,UKENMI_CM108,UKENLK108,,27741
5626,UKWAWA_CM11,UKWARI11,,27741
5627,UKWAWA_CM121,UKWACA121,,27741
5628,UKWAWA_CM102SFW,UKWACA102SFW,,27741
5629,UKWAWA_CM107SFW,UKWACA107SFW,,27741
5630,UKWAWA_CM49,UKWACA49,,27741
5631,UKWAWA_CM50,UKWARI50,,27741
5632,UKWAWA_CM120,UKWACA120,,27741
5633,UKCMSC9127172,UKRISC912711,River,27741
5634,UKCMSC91271110,UKRISC9127162,River,27741
5635,UKCMSC9127177,UKRISC9127165,River,27741
5636,UKCMSC9127115,UKRISC9127170,River,27741
5637,UKCMSC9127133,UKRISC9127126,River,27741
5638,UKCMSC9127149,UKRISC9127136,River,27741
5639,UKCMSC9127113,UKRISC9127137,River,27741
5640,UKCMSC9127110,UKRISC9127147,River,27741
5641,UKCMSC9127132,UKRISC9127122,River,27741
5642,UKCMSC9127142,UKRISC9127175,River,27741
5643,UKCMSC9127136,UKRISC9127197,River,27741
5644,UKCMSC9127169,UKRISC91271101,River,27741
5645,UKCMSC9127169,UKRISC91271105,River,27741
5646,UKCMSC912713,UKRISC91271114,River,27741
5647,UKCMSC91271110,UKRISC91271125,River,27741
5648,UKCMSC9127115,UKRISC91271172,River,27741
5649,UKCMSC9127136,UKRISC91271121,River,27741
5650,UKCMSC9127147,UKRISC9127134,River,27741
5651,UKCMSC9127158,UKRISC9127179,River,27741
5652,UKCMSC9127146,UKRISC91271160,River,27741
5653,UKCMSC9127152,UKRISC91271153,River,27741
5654,UKCMSC9127146,UKRISC91271154,River,27741
5655,UKCMSC9127146,UKRISC91271159,River,27741
5656,UKCMSC9127118,UKRISC912716,River,27741
5657,UKCMSC9127125,UKRISC9127111,River,27741
5658,UKCMSC9127163,UKRISC9127113,River,27741
5659,UKCMSC9127181,UKRISC9127168,River,27741
5660,UKCMSC9127181,UKRISC9127169,River,27741
5661,UKCMSC9127110,UKRISC9127150,River,27741
5662,UKCMSC91271113,UKRISC9127142,River,27741
5663,UKCMSC9127175,UKRISC9127152,River,27741
5664,UKCMSC9127123,UKRISC9127173,River,27741
5665,UKCMSC9127142,UKRISC9127174,River,27741
5666,UKCMSC9127111,UKRISC9127186,River,27741
5667,UKCMSC9127175,UKRISC91271148,River,27741
5668,UKCMSC9127136,UKRISC91271122,River,27741
5669,UKCMSC9127169,UKRISC91271123,River,27741
5670,UKCMSC912713,UKRISC91271130,River,27741
5671,UKCMSC9127138,UKRISC91271136,River,27741
5672,UKCMSC91271113,UKRISC91271143,River,27741
5673,UKCMSC9127175,UKRISC91271146,River,27741
5674,UKCMSC9127146,UKRISC91271162,River,27741
5675,UKCMSC9127114,UKRISC91271164,River,27741
5676,UKCMSC9127148,UKRISC912712,River,27741
5677,UKCMSC9127199,UKRISC9127120,River,27741
5678,UKCMSC9127166,UKRISC9127121,River,27741
5679,UKCMSC9127177,UKRISC9127166,River,27741
5680,UKCMSC9127115,UKRISC9127171,River,27741
5681,UKCMSC91271110,UKRISC9127159,River,27741
5682,UKCMSC9127151,UKRISC9127189,River,27741
5683,UKCMSC9127152,UKRISC9127191,River,27741
5684,UKCMSC9127115,UKRISC9127198,River,27741
5685,UKCMSC9127169,UKRISC91271100,River,27741
5686,UKCMSC9127169,UKRISC91271102,River,27741
5687,UKCMSC9127169,UKRISC91271104,River,27741
5688,UKCMSC9127146,UKRISC91271109,River,27741
5689,UKCMSC9127116,UKRISC9127181,River,27741
5690,UKCMSC9127111,UKRISC9127185,River,27741
5691,UKCMSC9127178,UKRISC91271134,River,27741
5692,UKCMSC9127116,UKRISC91271140,River,27741
5693,UKCMSC9127182,UKRISC91271169,River,27741
5694,UKCMSC9127181,UKRISC91271170,River,27741
5695,UKCMSC9127117,UKRISC912714,River,27741
5696,UKCMSC9127168,UKRISC912715,River,27741
5697,UKCMSC9127177,UKRISC9127164,River,27741
5698,UKCMSC9127159,UKRISC9127138,River,27741
5699,UKCMSC912719,UKRISC9127141,River,27741
5700,UKCMSC9127110,UKRISC9127149,River,27741
5701,UKCMSC91271110,UKRISC9127161,River,27741
5702,UKCMSC9127136,UKRISC9127195,River,27741
5703,UKCMSC9127169,UKRISC9127199,River,27741
5704,UKCMSC9127146,UKRISC91271108,River,27741
5705,UKCMSC9127146,UKRISC91271110,River,27741
5706,UKCMSC912712,UKRISC91271116,River,27741
5707,UKCMSC9127111,UKRISC91271149,River,27741
5708,UKCMSC912712,UKRISC91271151,River,27741
5709,UKCMSC9127157,UKRISC91271135,River,27741
5710,UKCMSC9127145,UKRISC91271120,River,27741
5711,UKCMSC9127136,UKRISC91271142,River,27741
5712,UKCMSC9127146,UKRISC91271168,River,27741
5713,UKCMSC9127115,UKRISC91271173,River,27741
5714,UKCMSC91271110,UKRISC91271174,River,27741
5715,UKCMSC91271113,UKRISC9127145,River,27741
5716,UKCMSC9127135,UKRISC912718,River,27741
5717,UKCMSC91271113,UKRISC9127117,River,27741
5718,UKCMSC9127177,UKRISC9127163,River,27741
5719,UKCMSC912716,UKRISC9127127,River,27741
5720,UKCMSC9127137,UKRISC9127129,River,27741
5721,UKCMSC9127150,UKRISC9127130,River,27741
5722,UKCMSC9127171,UKRISC9127143,River,27741
5723,UKCMSC9127156,UKRISC9127123,River,27741
5724,UKCMSC9127154,UKRISC9127154,River,27741
5725,UKCMSC9127174,UKRISC9127156,River,27741
5726,UKCMSC9127119,UKRISC9127188,River,27741
5727,UKCMSC9127131,UKRISC9127193,River,27741
5728,UKCMSC9127115,UKRISC9127172,River,27741
5729,UKCMSC9127157,UKRISC9127183,River,27741
5730,UKCMSC9127121,UKRISC91271127,River,27741
5731,UKCMSC9127128,UKRISC91271137,River,27741
5732,UKCMSC9127141,UKRISC9127139,River,27741
5733,UKCMSC9127165,UKRISC9127135,River,27741
5734,UKCMSC9127128,UKRISC9127140,River,27741
5735,UKCMSC9127110,UKRISC9127146,River,27741
5736,UKCMSC9127110,UKRISC9127148,River,27741
5737,UKCMSC9127152,UKRISC9127190,River,27741
5738,UKCMSC9127146,UKRISC9127194,River,27741
5739,UKCMSC9127146,UKRISC91271107,River,27741
5740,UKCMSC912713,UKRISC91271113,River,27741
5741,UKCMSC912712,UKRISC91271115,River,27741
5742,UKCMSC9127116,UKRISC9127180,River,27741
5743,UKCMSC9127119,UKRISC9127187,River,27741
5744,UKCMSC9127147,UKRISC91271132,River,27741
5745,UKCMSC9127178,UKRISC91271133,River,27741
5746,UKCMSC9127146,UKRISC91271119,River,27741
5747,UKCMSC9127116,UKRISC91271139,River,27741
5748,UKCMSC9127153,UKRISC9127131,River,27741
5749,UKCMSC9127129,UKRISC912713,River,27741
5750,UKCMSC9127143,UKRISC912717,River,27741
5751,UKCMSC91271108,UKRISC9127118,River,27741
5752,UKCMSC9127177,UKRISC9127167,River,27741
5753,UKCMSC91271110,UKRISC9127128,River,27741
5754,UKCMSC9127159,UKRISC9127144,River,27741
5755,UKCMSC9127110,UKRISC9127151,River,27741
5756,UKCMSC9127138,UKRISC9127157,River,27741
5757,UKCMSC9127169,UKRISC91271103,River,27741
5758,UKCMSC9127146,UKRISC91271111,River,27741
5759,UKCMSC9127146,UKRISC91271118,River,27741
5760,UKCMSC9127142,UKRISC9127177,River,27741
5761,UKCMSC9127116,UKRISC9127182,River,27741
5762,UKCMSC9127175,UKRISC91271147,River,27741
5763,UKCMSC9127121,UKRISC91271126,River,27741
5764,UKCMSC9127136,UKRISC91271141,River,27741
5765,UKCMSC9127175,UKRISC91271144,River,27741
5766,UKCMSC9127175,UKRISC91271145,River,27741
5767,UKCMSC9127146,UKRISC91271161,River,27741
5768,UKCMSC9127136,UKRISC91271165,River,27741
5769,UKCMSC9127146,UKRISC91271155,River,27741
5770,UKCMSC9127146,UKRISC91271157,River,27741
5771,UKCMSC9127146,UKRISC91271158,River,27741
5772,UKCMSC9127159,UKRISC912719,River,27741
5773,UKCMSC9127140,UKRISC9127110,River,27741
5774,UKCMSC9127162,UKRISC9127112,River,27741
5775,UKCMSC9127173,UKRISC9127115,River,27741
5776,UKCMSC9127144,UKRISC9127116,River,27741
5777,UKCMSC9127167,UKRISC9127119,River,27741
5778,UKCMSC9127139,UKRISC9127132,River,27741
5779,UKCMSC9127175,UKRISC9127153,River,27741
5780,UKCMSC9127126,UKRISC9127155,River,27741
5781,UKCMSC9127138,UKRISC9127158,River,27741
5782,UKCMSC91271110,UKRISC9127160,River,27741
5783,UKCMSC9127145,UKRISC9127192,River,27741
5784,UKCMSC9127142,UKRISC9127176,River,27741
5785,UKCMSC9127136,UKRISC9127196,River,27741
5786,UKCMSC9127146,UKRISC91271106,River,27741
5787,UKCMSC9127146,UKRISC91271112,River,27741
5788,UKCMSC9127175,UKRISC91271117,River,27741
5789,UKCMSC9127116,UKRISC9127178,River,27741
5790,UKCMSC9127157,UKRISC9127184,River,27741
5791,UKCMSC9127160,UKRISC91271150,River,27741
5792,UKCMSC91271110,UKRISC91271175,River,27741
5793,UKCMSC9127121,UKRISC91271128,River,27741
5794,UKCMSC9127121,UKRISC91271129,River,27741
5795,UKCMSC9127116,UKRISC91271138,River,27741
5796,UKCMSC9127183,UKRISC91271171,River,27741
5797,UKCMSC9127146,UKRISC91271163,River,27741
5798,UKCMSC9127175,UKRISC91271166,River,27741
5799,UKCMSC9127115,UKRISC91271167,River,27741
5800,UKCMSC9127123,UKRISC91271152,River,27741
5801,UKCMSC9127146,UKRISC91271156,River,27741
5802,UKCMSC9127127,UKRISC9127114,River,27741
5803,UKCMSC91271110,UKLKSC912711,Lake,27741
5804,UKCMSC9127145,UKLKSC912712,Lake,27741
5805,UKCMSC9127122,UKLKSC912713,Lake,27741
5806,UKCMSC912711,UKLKSC912714,Lake,27741
5807,UKCMSC9127178,UKLKSC912715,Lake,27741
5808,UKCMSC9127179,UKLKSC912716,Lake,27741
5809,UKCMSC912717,UKLKSC912717,Lake,27741
5810,UKCMSC9127145,UKLKSC912718,Lake,27741
5811,UKCMSC9127180,UKLKSC912719,Lake,27741
5812,UKCMSC912714,UKLKSC9127110,Lake,27741
5813,UKCMSC9127146,UKLKSC9127111,Lake,27741
5814,UKCMSC9127115,UKLKSC9127112,Lake,27741
5815,UKCMSC9127161,UKLKSC9127113,Lake,27741
5816,UKCMSC9127155,UKLKSC9127114,Lake,27741
5817,UKCMSC9127130,UKLKSC9127115,Lake,27741
5818,UKCMSC9127120,UKLKSC9127116,Lake,27741
5819,UKCMSC91271110,UKLKSC9127117,Lake,27741
5820,UKCMSC9127185,UKLKSC9127118,Lake,27741
5821,UKCMSC9127188,UKLKSC9127119,Lake,27741
5822,UKCMSC9127121,UKLKSC9127120,Lake,27741
5823,UKCMSC9127184,UKLKSC9127121,Lake,27741
5824,UKCMSC9127187,UKLKSC9127122,Lake,27741
5825,UKCMSC9127189,UKLKSC9127123,Lake,27741
5826,UKCMSC9127114,UKLKSC9127124,Lake,27741
5827,UKCMSC9127186,UKLKSC9127125,Lake,27741
5828,UKCMSC9127181,UKTWSC912711,Estuary,27741
5829,UKCMSC91271100,UKCASSWPA11,Shellfish water,27741
5830,UKCMSC9127199,UKCASSWPA13,Shellfish water,27741
5831,UKCMSC91271101,UKCASSWPA37,Shellfish water,27741
5832,UKCMSC9127198,UKCASSWPA44,Shellfish water,27741
5833,UKCMSC91271110,UKS761601,Bathing water,27741
5834,UKCMSC91271108,UKS7616012,Bathing water,27741
5835,UKCMSC91271113,UKS7616017,Bathing water,27741
5836,UKCMSC91271106,UKS7616018,Bathing water,27741
5837,UKCMSC91271102,UKS7616019,Bathing water,27741
5838,UKCMSC9127196,UKS7616023,Bathing water,27741
5839,UKCMSC9127197,UKS7616027,Bathing water,27741
5840,UKCMSC91271109,UKS7616030,Bathing water,27741
5841,UKCMSC9127178,UKS7616033,Bathing water,27741
5842,UKCMSC9127193,UKS7616037,Bathing water,27741
5843,UKCMSC9127192,UKS7616038,Bathing water,27741
5844,UKCMSC91271103,UKS7616041,Bathing water,27741
5845,UKCMSC9127195,UKS7616043,Bathing water,27741
5846,UKCMSC9127191,UKS7616044,Bathing water,27741
5847,UKCMSC9127190,UKS7616045,Bathing water,27741
5848,UKCMSC91271107,UKS7616047,Bathing water,27741
5849,UKCMSC91271112,UKS7616051,Bathing water,27741
5850,UKCMSC91271111,UKS7616053,Bathing water,27741
5851,UKCMSC9127158,UKS7616056,Bathing water,27741
5852,UKCMSC9127194,UKS7616057,Bathing water,27741
5853,UKCMSC91271104,UKS7616074,Bathing water,27741
5854,UKCMSC91271105,UKS7616081,Bathing water,27741
5855,UKCMSC9127175,UKRISC9127125,Freshwater Fish River,27741
5856,UKCMSC9127159,UKRISC9127133,Freshwater Fish River,27741
5857,UKCMSC9127175,UKRISC9127124,Freshwater Fish River,27741
5858,UKNI_CM00063,UKNI_RI00063,,27741
5859,UKNI_CM00078,UKNI_RI00078,,27741
5860,UKNI_CM00007,UKNI_RI00007,,27741
5861,UKNI_CM00012,UKNI_CA00011,,27741
5862,UKNI_CM00010,UKNI_RI00010,,27741
5863,UKNI_CM00037,UKNI_RI00037,,27741
5864,UKNI_CM00038,UKNI_RI00038,,27741
5865,UKNI_CM00003,UKNI_RI00003,,27741
5866,UKNI_CM00025,UKNI_RI00025,,27741
5867,UKNI_CM00023,UKNI_CA00023,,27741
5868,UKNI_CM00015,UKNI_TW00015,,27741
5869,UKNI_CM00062,UKNI_CA00062,,27741
5870,UKNI_CM00001,UKNI_LK00001,,27741
5871,UKNI_CM00009,UKNI_LK00009,,27741
5872,UKNI_CM00064,UKNI_CA00064,,27741
5873,UKNI_CM00065,UKNI_CA00065,,27741
6045,HULKAIP517,HULKAIP517,-,27663
6046,HULKAIP520,HULKAIP520,-,27663
6047,HULKAIP540,HULKAIP540,-,27663
6048,PTCM01,PTRI01,,27642
6049,PTCM02,PTRI02,,27642
6050,PTCM03,PTLK03,,27642
6051,PTCM04,PTLK04,,27642
6052,PTCM05,PTLK05,,27642
6053,PTCM06,PTLK06,,27642
6054,PTCM07,PTRI07,,27642
6055,PTCM08,PTLK08,,27642
6056,PTCM09,PTLK09,,27642
6057,PTCM10,PTTW10,,27642
6058,PTCM11,PTRI11,,27642
6059,PTCM12,PTRI12,,27642
6060,PTCM13,PTTW13,,27642
6061,PTCM14,PTRI14,,27642
6062,PTCM15,PTTW15,,27642
6063,PTCM16,PTTW16,,27642
6064,PTCM17,PTTW17,,27642
6065,PTCM18,PTTW18,,27642
6066,PTCM19,PTLK19,,27642
6067,PTCM20,PTLK20,,27642
6068,PTCM21,PTLK21,,27642
6069,PTCM22,PTLK22,,27642
6070,PTCM23,PTTW23,,27642
6071,PTCM24,PTTW24,,27642
6072,PTCM25,PTTW25,,27642
6568,GRCSA01,GRSALK08,,27354
6569,GRCSA02,GRSATW03,,27354
6570,GRCSA03,GRSARV01,,27354
6571,GRCSA04,GRSARV07,,27354
6572,GRCSA05,GRSACA04,,27354
6573,GRCSA06,GRSACA04,,27354
6574,GRCSA07,GRSARV03,,27354
6575,GRCSA08,GRSARV02,,27354
6576,GRCSA09,GRSARV10,,27354
6577,GRCSA12,GRSALK05,,27354
6578,GRCSA14,GRSACA02,,27354
6579,GRCSA15,GRSARV14,,27354
6580,GRCSA16,GRSALK07,,27354
6581,GRCSA17,GRSARV12,,27354
6582,GRCSA18,GRSALK02,,27354
6583,GRCSA19,GRSARV17,,27354
6584,GRCSA20,GRSARV11,,27354
6585,GRCSA21,GRSALK04,,27354
6586,GRCSA22,GRSACA01,,27354
6587,GRCSA23,GRSACA05,,27354
6588,GRCSA24,GRSARV19,,27354
6589,GRCSA25,GRSARV13,,27354
6590,GRCSA26,GRSARV20,,27354
6591,GRCSA27,GRSALK01,,27354
6592,GRCSA28,GRSARV09,,27354
6593,GRCSA29,GRSATW04,,27354
6594,GRCSA30,GRSARV08,,27354
6595,GRCSA32,GRSARV04,,27354
6596,GRCSA33,GRSARV05,,27354
6597,GRCSA35,GRSARV25,,27354
6598,GRCSA36,GRSARV21,,27354
6599,GRCSA37,GRSARV26,,27354
6600,GRCSA38,GRSARV27,,27354
6601,GRCSA39,GRSARV24,,27354
6602,GRCSA40,GRSACA04,,27354
6603,GRCSA41,GRSACA02,,27354
6604,GRCSA42,GRSACA04,,27354
6605,GRCSA43,GRSACA02,,27354
6606,GRCSA44,GRSARV06,,27354
6607,GRCSA45,GRSARV15,,27354
6608,GRCSA46,GRSARV16,,27354
6609,GRCSA47,GRSALK06,,27354
6846,NORCA17,NORCA01,,27528
6847,NORCA17,NORCA02,,27528
6992,FR_SA_CM_01214,FR_SA_RI_01214,,27697
6993,FR_SA_CM_01215,FR_SA_RI_01215,,27697
6994,FR_SA_CM_01216,FR_SA_RI_01216,,27697
6995,FR_SA_CM_02019,FR_SA_RI_02019,,27697
6996,FR_SA_CM_02020,FR_SA_RI_02020,,27697
6997,FR_SA_CM_02021,FR_SA_RI_02021,,27697
6998,FR_SA_CM_02022,FR_SA_RI_02022,,27697
6999,FR_SA_CM_03202,FR_SA_RI_03202,,27697
7000,FR_SA_CM_03203,FR_SA_RI_03203,,27697
7001,FR_SA_CM_03204,FR_SA_RI_03204,,27697
7002,FR_SA_CM_03205,FR_SA_RI_03205,,27697
7003,FR_SA_CM_03207,FR_SA_RI_03207,,27697
7004,FR_SA_CM_03208,FR_SA_RI_03208,,27697
7005,FR_SA_CM_03209,FR_SA_RI_03209,,27697
7006,FR_SA_CM_04201,FR_SA_RI_04201,,27697
7007,FR_SA_CM_04202,FR_SA_RI_04202,,27697
7008,FR_SA_CM_04203,FR_SA_RI_04203,,27697
7009,FR_SA_CM_04204,FR_SA_RI_04204,,27697
7010,FR_SA_CM_04205,FR_SA_RI_04205,,27697
7011,FR_SA_CM_04206,FR_SA_RI_04206,,27697
7012,FR_SA_CM_04207,FR_SA_RI_04207,,27697
7013,FR_SA_CM_04208,FR_SA_RI_04208,,27697
7014,FR_SA_CM_04209,FR_SA_RI_04209,,27697
7015,FR_SA_CM_04210,FR_SA_RI_04210,,27697
7016,FR_SA_CM_04211,FR_SA_RI_04211,,27697
7017,FR_SA_CM_04212,FR_SA_RI_04212,,27697
7018,FR_SA_CM_04213,FR_SA_RI_04213,,27697
7019,FR_SA_CM_04214,FR_SA_RI_04214,,27697
7020,FR_SA_CM_04217,FR_SA_RI_04217,,27697
7021,FR_SA_CM_04218,FR_SA_RI_04218,,27697
7022,FR_SA_CM_04219,FR_SA_RI_04219,,27697
7023,FR_SA_CM_04220,FR_SA_RI_04220,,27697
7024,FR_SA_CM_04221,FR_SA_RI_04221,,27697
7025,FR_SA_CM_04222,FR_SA_RI_04222,,27697
7026,FR_SA_CM_05001,FR_SA_RI_05001,,27697
7027,FR_SA_CM_05002,FR_SA_RI_05002,,27697
7028,FR_SA_CM_05003,FR_SA_RI_05003,,27697
7029,FR_SA_CM_05004,FR_SA_RI_05004,,27697
7030,FR_SA_CM_05005,FR_SA_RI_05005,,27697
7031,FR_SA_CM_05006,FR_SA_RI_05006,,27697
7032,FR_SA_CM_05007,FR_SA_RI_05007,,27697
7033,FR_SA_CM_05008,FR_SA_RI_05008,,27697
7034,FR_SA_CM_05009,FR_SA_RI_05009,,27697
7035,FR_SA_CM_05010,FR_SA_RI_05010,,27697
7036,FR_SA_CM_05011,FR_SA_RI_05011,,27697
7037,FR_SA_CM_05012,FR_SA_RI_05012,,27697
7038,FR_SA_CM_05013,FR_SA_RI_05013,,27697
7039,FR_SA_CM_05014,FR_SA_RI_05014,,27697
7040,FR_SA_CM_05015,FR_SA_RI_05015,,27697
7041,FR_SA_CM_05016,FR_SA_RI_05016,,27697
7042,FR_SA_CM_05017,FR_SA_RI_05017,,27697
7043,FR_SA_CM_05018,FR_SA_RI_05018,,27697
7044,FR_SA_CM_05019,FR_SA_RI_05019,,27697
7045,FR_SA_CM_05020,FR_SA_RI_05020,,27697
7046,FR_SA_CM_05021,FR_SA_RI_05021,,27697
7047,FR_SA_CM_05113,FR_SA_RI_05113,,27697
7048,FR_SA_CM_05114,FR_SA_RI_05114,,27697
7049,FR_SA_CM_05116,FR_SA_RI_05116,,27697
7050,FR_SA_CM_05216,FR_SA_RI_05216,,27697
7051,FR_SA_CM_06225,FR_SA_RI_06225,,27697
7052,FR_SA_CM_06226,FR_SA_RI_06226,,27697
7053,FR_SA_CM_06227,FR_SA_RI_06227,,27697
7054,FR_SA_CM_06228,FR_SA_RI_06228,,27697
7055,FR_SA_CM_06229,FR_SA_RI_06229,,27697
7056,FR_SA_CM_06230,FR_SA_RI_06230,,27697
7057,FR_SA_CM_06301,FR_SA_RI_06301,,27697
7058,FR_SA_CM_06302,FR_SA_RI_06302,,27697
7059,FR_SA_CM_06303,FR_SA_RI_06303,,27697
7060,FR_SA_CM_06304,FR_SA_RI_06304,,27697
7061,FR_SA_CM_06305,FR_SA_RI_06305,,27697
7062,FR_SA_CM_06306,FR_SA_RI_06306,,27697
7063,FR_SA_CM_06307,FR_SA_RI_06307,,27697
7064,FR_SA_CM_06308,FR_SA_RI_06308,,27697
7065,FR_SA_CM_06309,FR_SA_RI_06309,,27697
7066,FR_SA_CM_06310,FR_SA_RI_06310,,27697
7067,FR_SA_CM_06311,FR_SA_RI_06311,,27697
7068,FR_SA_CM_06312,FR_SA_RI_06312,,27697
7069,FR_SA_CM_06313,FR_SA_RI_06313,,27697
7070,FR_SA_CM_06314,FR_SA_RI_06314,,27697
7071,FR_SA_CM_06315,FR_SA_RI_06315,,27697
7072,FR_SA_CM_06316,FR_SA_RI_06316,,27697
7073,FR_SA_CM_06317,FR_SA_RI_06317,,27697
7074,FR_SA_CM_06318,FR_SA_RI_06318,,27697
7075,FR_SA_CM_06319,FR_SA_RI_06319,,27697
7076,FR_SA_CM_06320,FR_SA_RI_06320,,27697
7077,FR_SA_CM_06321,FR_SA_RI_06321,,27697
7078,FR_SA_CM_06322,FR_SA_RI_06322,,27697
7079,FR_SA_CM_10103,FR_SA_RI_10103,,27697
7134,HRCM_41031000,HRCA_41011000,,27661
7135,HRCM_41031003,HRCA_41011003,,27661
7136,HRCM_41031012,HRCA_41011012,,27661
7137,HRCM_41031013,HRCA_41011013,,27661
7138,HRCM_41031014,HRCA_41011014,,27661
7139,HRCM_41031017,HRCA_41011017,,27661
7140,HRCM_41031018,HRCA_41011018,,27661
7141,HRCM_41031022,HRCA_41011022,,27661
7142,HRCM_41031031,HRCA_41011031,,27661
7143,HRCM_41031048,HRCA_41011048,,27661
7144,HRCM_62011001,HRCA_61011001,,27661
7145,HRCM_62011002,HRCA_61011002,,27661
7146,HRCM_62011004,HRCA_61011004,,27661
7147,HRCM_62011005,HRCA_61011005,,27661
7148,HRCM_62011006,HRCA_61011006,,27661
7149,HRCM_62011007,HRCA_61011007,,27661
7150,HRCM_62011008,HRCA_61011008,,27661
7151,HRCM_62011009,HRCA_61011009,,27661
7152,HRCM_62011010,HRCA_61011010,,27661
7153,HRCM_62011011,HRCA_61011011,,27661
7154,HRCM_62011015,HRCA_61011015,,27661
7155,HRCM_62011016,HRCA_61011016,,27661
7156,HRCM_62011019,HRCA_61011019,,27661
7157,HRCM_62011020,HRCA_61011020,,27661
7158,HRCM_62011021,HRCA_61011021,,27661
7159,HRCM_62011023,HRCA_61011023,,27661
7160,HRCM_62011024,HRCA_61011024,,27661
7161,HRCM_62011025,HRCA_61011025,,27661
7162,HRCM_62011026,HRCA_61011026,,27661
7163,HRCM_62011027,HRCA_61011027,,27661
7164,HRCM_62011028,HRCA_61011028,,27661
7165,HRCM_62011029,HRCA_61011029,,27661
7166,HRCM_62011030,HRCA_61011030,,27661
7167,HRCM_62011032,HRCA_61011032,,27661
7168,HRCM_62011033,HRCA_61011033,,27661
7169,HRCM_62011034,HRCA_61011034,,27661
7170,HRCM_62011035,HRCA_61011035,,27661
7171,HRCM_62011036,HRCA_61011036,,27661
7172,HRCM_62011037,HRCA_61011037,,27661
7173,HRCM_62011038,HRCA_61011038,,27661
7174,HRCM_62011039,HRCA_61011039,,27661
7175,HRCM_62011040,HRCA_61011040,,27661
7176,HRCM_62011041,HRCA_61011041,,27661
7177,HRCM_62011042,HRCA_61011042,,27661
7178,HRCM_62011043,HRCA_61011043,,27661
7179,HRCM_62011044,HRCA_61011044,,27661
7180,HRCM_62011045,HRCA_61011045,,27661
7181,HRCM_62011046,HRCA_61011046,,27661
7182,HRCM_62011047,HRCA_61011047,,27661
7183,HRCM_62011049,HRCA_61011049,,27661
7184,HRCM_62011050,HRCA_61011050,,27661
7185,HRCM_62011051,HRCA_61011051,,27661
7186,HRCM_62011052,HRCA_61011052,,27661
7187,HRCM_62011053,HRCA_61011053,,27661
7194,SECM002,SECA002,"Catchment to sensivite area, southern coast of Sweden (SECA002)",27618
7195,SECM001,SECA001,"Catchment to Sensivite area, northern coast of Sweden (SECA001)",27618
